6:15a,6:19a,6:23a,6:26a,6:29a,6:32a,6:35a,6:38a,6:40a,6:42a,6:43a,6:44a,6:46a,6:47a,6:49a
7:00a,7:02a,7:04a,7:06a,7:08a,7:10a,7:12a,7:14a,7:16a,7:18a,7:19a,7:20a,7:22a,7:23a,7:25a
7:30a,7:32a,7:34a,7:36a,7:38a,7:40a,7:42a,7:44a,7:46a,7:48a,7:49a,7:50a,7:52a,7:53a,7:55a
8:00a,8:02a,8:04a,8:06a,8:08a,8:10a,8:12a,8:14a,8:16a,8:18a,8:19a,8:20a,8:22a,8:23a,8:25a
8:30a,8:32a,8:34a,8:36a,8:38a,8:40a,8:42a,8:44a,8:46a,8:48a,8:49a,8:50a,8:52a,8:53a,8:55a
8:50a,8:52a,8:54a,8:56a,8:58a,9:00a,9:02a,9:04a,9:06a,9:08a,9:09a,9:10a,9:12a,9:13a,9:15a
9:10a,9:12a,9:14a,9:16a,9:18a,9:20a,9:22a,9:24a,9:26a,9:28a,9:29a,9:30a,9:32a,9:33a,9:35a
9:30a,9:32a,9:34a,9:36a,9:38a,9:40a,9:42a,9:44a,9:46a,9:48a,9:49a,9:50a,9:52a,9:53a,9:55a
9:50a,9:52a,9:54a,9:56a,9:58a,10:00a,10:02a,10:04a,10:06a,10:08a,10:09a,10:10a,10:12a,10:13a,10:15a
10:10a,10:12a,10:14a,10:16a,10:18a,10:20a,10:22a,10:24a,10:26a,10:28a,10:29a,10:30a,10:32a,10:33a,10:35a
10:30a,10:32a,10:34a,10:36a,10:38a,10:40a,10:42a,10:44a,10:46a,10:48a,10:49a,10:50a,10:52a,10:53a,10:55a
10:50a,10:52a,10:54a,10:56a,10:58a,11:00a,11:02a,11:04a,11:06a,11:08a,11:09a,11:10a,11:12a,11:13a,11:15a
11:10a,11:12a,11:14a,11:16a,11:18a,11:20a,11:22a,11:24a,11:26a,11:28a,11:29a,11:30a,11:32a,11:33a,11:35a
11:30a,11:32a,11:34a,11:36a,11:38a,11:40a,11:42a,11:44a,11:46a,11:48a,11:49a,11:50a,11:52a,11:53a,11:55a
11:50a,11:52a,11:54a,11:56a,11:58a,12:00p,12:02p,12:04p,12:06p,12:08p,12:09p,12:10p,12:12p,12:13p,12:15p
12:10p,12:12p,12:14p,12:16p,12:18p,12:20p,12:22p,12:24p,12:26p,12:28p,12:29p,12:30p,12:32p,12:33p,12:35p
12:30p,12:32p,12:34p,12:36p,12:38p,12:40p,12:42p,12:44p,12:46p,12:48p,12:49p,12:50p,12:52p,12:53p,12:55p
12:50p,12:52p,12:54p,12:56p,12:58p,1:00p,1:02p,1:04p,1:06p,1:08p,1:09p,1:10p,1:12p,1:13p,1:15p
1:10p,1:12p,1:14p,1:16p,1:18p,1:20p,1:22p,1:24p,1:26p,1:28p,1:29p,1:30p,1:32p,1:33p,1:35p
1:30p,1:32p,1:34p,1:36p,1:38p,1:40p,1:42p,1:44p,1:46p,1:48p,1:49p,1:50p,1:52p,1:53p,1:55p
1:50p,1:52p,1:54p,1:56p,1:58p,2:00p,2:02p,2:04p,2:06p,2:08p,2:09p,2:10p,2:12p,2:13p,2:15p
2:10p,2:12p,2:14p,2:16p,2:18p,2:20p,2:22p,2:24p,2:26p,2:28p,2:29p,2:30p,2:32p,2:33p,2:35p
2:30p,2:32p,2:34p,2:36p,2:38p,2:40p,2:42p,2:44p,2:46p,2:48p,2:49p,2:50p,2:52p,2:53p,2:55p
2:50p,2:52p,2:54p,2:56p,2:58p,3:00p,3:02p,3:04p,3:06p,3:08p,3:09p,3:10p,3:12p,3:13p,3:15p
3:10p,3:12p,3:14p,3:16p,3:18p,3:20p,3:22p,3:24p,3:26p,3:28p,3:29p,3:30p,3:32p,3:33p,3:35p
3:30p,3:32p,3:34p,3:36p,3:38p,3:40p,3:42p,3:44p,3:46p,3:48p,3:49p,3:50p,3:52p,3:53p,3:55p
3:50p,3:52p,3:54p,3:56p,3:58p,4:00p,4:02p,4:04p,4:06p,4:08p,4:09p,4:10p,4:12p,4:13p,4:15p
4:10p,4:12p,4:14p,4:16p,4:18p,4:20p,4:22p,4:24p,4:26p,4:28p,4:29p,4:30p,4:32p,4:33p,4:35p
4:30p,4:32p,4:34p,4:36p,4:38p,4:40p,4:42p,4:44p,4:46p,4:48p,4:49p,4:50p,4:52p,4:53p,4:55p
4:50p,4:52p,4:54p,4:56p,4:58p,5:00p,5:02p,5:04p,5:06p,5:08p,5:09p,5:10p,5:12p,5:13p,5:15p
5:10p,5:12p,5:14p,5:16p,5:18p,5:20p,5:22p,5:24p,5:26p,5:28p,5:29p,5:30p,5:32p,5:33p,5:35p
5:30p,5:32p,5:34p,5:36p,5:38p,5:40p,5:42p,5:44p,5:46p,5:48p,5:49p,5:50p,5:52p,5:53p,5:55p
5:50p,5:52p,5:54p,5:56p,5:58p,6:00p,6:02p,6:04p,6:06p,6:08p,6:09p,6:10p,6:12p,6:13p,6:15p
6:10p,6:12p,6:14p,6:16p,6:18p,6:20p,6:22p,6:24p,6:26p,6:28p,6:29p,6:30p,6:32p,6:33p,6:35p
6:30p,6:32p,6:34p,6:36p,6:38p,6:40p,6:42p,6:44p,6:46p,6:48p,6:49p,6:50p,6:52p,6:53p,6:55p
7:00p,7:02p,7:04p,7:06p,7:08p,7:10p,7:12p,7:14p,7:16p,7:18p,7:19p,7:20p,7:22p,7:23p,7:25p
7:30p,7:32p,7:34p,7:36p,7:38p,7:40p,7:42p,7:44p,7:46p,7:48p,7:49p,7:50p,7:52p,7:53p,7:55p
8:00p,8:02p,8:04p,8:06p,8:08p,8:10p,8:12p,8:14p,8:16p,8:18p,8:19p,8:20p,8:22p,8:23p,8:25p
8:30p,8:32p,8:34p,8:36p,8:38p,8:40p,8:42p,8:44p,8:46p,8:48p,8:49p,8:50p,8:52p,8:53p,8:55p
9:00p,9:02p,9:04p,9:06p,9:08p,9:10p,9:12p,9:14p,9:16p,9:18p,9:19p,9:20p,9:22p,9:23p,9:25p
9:30p,9:32p,9:34p,9:36p,9:38p,9:40p,9:42p,9:44p,9:46p,9:48p,9:49p,9:50p,9:52p,9:53p,9:55p
10:00p,10:02p,10:04p,10:06p,10:08p,10:10p,10:12p,10:14p,10:16p,10:18p,10:19p,10:20p,10:22p,10:23p,10:25p
10:30p,10:32p,10:34p,10:36p,10:38p,10:40p,10:42p,10:44p,10:46p,10:48p,10:49p,10:50p,10:52p,10:53p,10:55p
11:00p,11:02p,11:04p,11:06p,11:08p,11:10p,11:12p,11:14p,11:16p,11:18p,11:19p,11:20p,11:22p,11:23p,11:25p
11:30p,11:32p,11:34p,11:36p,11:38p,11:40p,11:42p,11:44p,11:46p,11:48p,11:49p,11:50p,11:52p,11:53p,11:55p
12:00a,12:02a,12:04a,12:06a,12:08a,12:10a,12:12a,-----,-----,-----,-----,-----,-----,-----,-----
